,자치구,법정동,인덱스
0,강남구,가락동,
1,강동구,가리봉동,
2,강북구,가산동,
3,강서구,가양동,
4,관악구,갈월동,
5,광진구,갈현동,
6,구로구,강일동,
7,금천구,개봉동,
8,노원구,개포동,
9,도봉구,거여동,
10,동대문구,견지동,
11,동작구,고덕동,
12,마포구,고척동,
13,서대문구,공덕동,
14,서초구,공릉동,
15,성동구,공항동,
16,성북구,광장동,
17,송파구,교북동,
18,양천구,구기동,
19,영등포구,구로동,
20,용산구,구산동,
21,은평구,구수동,
22,종로구,구의동,
23,중구,군자동,
24,중랑구,궁동,
25,,금호동1가,
26,,금호동2가,
27,,금호동3가,
28,,금호동4가,
29,,길동,
30,,길음동,
31,,남가좌동,
32,,남대문로5가,
33,,남산동2가,
34,,남창동,
35,,남현동,
36,,내곡동,
37,,내발산동,
38,,내수동,
39,,냉천동,
40,,노고산동,
41,,노량진동,
42,,녹번동,
43,,논현동,
44,,누상동,
45,,능동,
46,,답십리동,
47,,당산동,
48,,당산동1가,
49,,당산동2가,
50,,당산동3가,
51,,당산동4가,
52,,당산동5가,
53,,당산동6가,
54,,당주동,
55,,대림동,
56,,대방동,
57,,대조동,
58,,대치동,
59,,대현동,
60,,대흥동,
61,,도곡동,
62,,도림동,
63,,도봉동,
64,,도선동,
65,,도원동,
66,,도화동,
67,,독산동,
68,,돈암동,
69,,동교동,
70,,동빙고동,
71,,동선동1가,
72,,동선동3가,
73,,동선동4가,
74,,동선동5가,
75,,동소문동4가,
76,,동소문동5가,
77,,동소문동6가,
78,,동소문동7가,
79,,동숭동,
80,,동자동,
81,,동작동,
82,,둔촌동,
83,,등촌동,
84,,마곡동,
85,,마장동,
86,,마천동,
87,,마포동,
88,,만리동1가,
89,,만리동2가,
90,,망우동,
91,,망원동,
92,,면목동,
93,,명륜1가,
94,,명륜2가,
95,,명륜3가,
96,,명일동,
97,,목동,
98,,무악동,
99,,묵동,
100,,묵정동,
101,,문래동2가,
102,,문래동3가,
103,,문래동4가,
104,,문래동5가,
105,,문래동6가,
106,,문배동,
107,,문정동,
108,,미아동,
109,,반포동,
110,,방배동,
111,,방이동,
112,,방학동,
113,,방화동,
114,,번동,
115,,보광동,
116,,보문동1가,
117,,보문동2가,
118,,보문동3가,
119,,보문동4가,
120,,보문동6가,
121,,본동,
122,,봉천동,
123,,부암동,
124,,북가좌동,
125,,북아현동,
126,,불광동,
127,,사근동,
128,,사당동,
129,,사직동,
130,,산림동,
131,,산천동,
132,,삼선동2가,
133,,삼선동3가,
134,,삼선동4가,
135,,삼선동5가,
136,,삼성동,
137,,삼전동,
138,,상계동,
139,,상도1동,
140,,상도동,
141,,상봉동,
142,,상수동,
143,,상암동,
144,,상왕십리동,
145,,상월곡동,
146,,상일동,
147,,서교동,
148,,서빙고동,
149,,서초동,
150,,석관동,
151,,석촌동,
152,,성내동,
153,,성북동,
154,,성북동1가,
155,,성산동,
156,,성수동1가,
157,,성수동2가,
158,,세곡동,
159,,송정동,
160,,송파동,
161,,수색동,
162,,수서동,
163,,수송동,
164,,수유동,
165,,순화동,
166,,숭인동,
167,,시흥동,
168,,신계동,
169,,신공덕동,
170,,신교동,
171,,신길동,
172,,신내동,
173,,신당동,
174,,신대방동,
175,,신도림동,
176,,신림동,
177,,신문로1가,
178,,신문로2가,
179,,신사동,
180,,신설동,
181,,신수동,
182,,신영동,
183,,신원동,
184,,신월동,
185,,신정동,
186,,신창동,
187,,신천동,
188,,쌍문동,
189,,아현동,
190,,안암동1가,
191,,안암동3가,
192,,안암동4가,
193,,안암동5가,
194,,암사동,
195,,압구정동,
196,,양재동,
197,,양평동1가,
198,,양평동2가,
199,,양평동3가,
200,,양평동4가,
201,,양평동5가,
202,,양평동6가,
203,,여의도동,
204,,역삼동,
205,,역촌동,
206,,연건동,
207,,연남동,
208,,연지동,
209,,연희동,
210,,염리동,
211,,염창동,
212,,영등포동,
213,,영등포동1가,
214,,영등포동2가,
215,,영등포동3가,
216,,영등포동4가,
217,,영등포동5가,
218,,영등포동7가,
219,,영등포동8가,
220,,영천동,
221,,예장동,
222,,오금동,
223,,오류동,
224,,오장동,
225,,옥수동,
226,,옥인동,
227,,온수동,
228,,용강동,
229,,용답동,
230,,용두동,
231,,용문동,
232,,용산동2가,
233,,용산동5가,
234,,우면동,
235,,우이동,
236,,원효로1가,
237,,원효로2가,
238,,원효로3가,
239,,원효로4가,
240,,월계동,
241,,율현동,
242,,을지로5가,
243,,응봉동,
244,,응암동,
245,,이문동,
246,,이촌동,
247,,이태원동,
248,,이화동,
249,,익선동,
250,,인의동,
251,,인현동2가,
252,,일원동,
253,,자곡동,
254,,자양동,
255,,잠실동,
256,,잠원동,
257,,장안동,
258,,장위동,
259,,장지동,
260,,장충동1가,
261,,장충동2가,
262,,전농동,
263,,정동,
264,,정릉동,
265,,제기동,
266,,종암동,
267,,주성동,
268,,중계동,
269,,중곡동,
270,,중동,
271,,중림동,
272,,중화동,
273,,증산동,
274,,진관동,
275,,창동,
276,,창신동,
277,,창전동,
278,,창천동,
279,,천연동,
280,,천왕동,
281,,천호동,
282,,청담동,
283,,청량리동,
284,,청암동,
285,,청운동,
286,,청파동1가,
287,,청파동3가,
288,,충무로4가,
289,,충무로5가,
290,,충신동,
291,,충정로2가,
292,,충정로3가,
293,,토정동,
294,,통인동,
295,,평동,
296,,평창동,
297,,풍납동,
298,,필동1가,
299,,필동3가,
300,,필운동,
301,,하계동,
302,,하왕십리동,
303,,하월곡동,
304,,하중동,
305,,한강로1가,
306,,한강로2가,
307,,한강로3가,
308,,한남동,
309,,합동,
310,,합정동,
311,,항동,
312,,행당동,
313,,행촌동,
314,,현석동,
315,,현저동,
316,,혜화동,
317,,홍은동,
318,,홍익동,
319,,홍제동,
320,,홍파동,
321,,화곡동,
322,,화양동,
323,,황학동,
324,,회기동,
325,,회현동1가,
326,,회현동2가,
327,,효제동,
328,,효창동,
329,,후암동,
330,,휘경동,
331,,흑석동,
332,,흥인동,
